CHROM	pos	Lab-ID	ID	ref	alt	type	ring	tissue-type	present-in-pop	Sanger-verif	Phasing	CDS/NCDS	Flank
NC_057323.1	97913	.	.	A	G	T>C	ring06	soma	false	.	NA	NCDS	CAA
NC_057323.1	363311	M1	.	T	C	T>C	ring43	soma	false	unclear	A	NCDS	TTA
NC_057323.1	772984	.	.	CTA	C	DEL	ring43	soma	false	.	B	CDS	ACT
NC_057323.1	924960	.	.	AGGCCCT	A	DEL	ring43	germline	false	.	A	NCDS	AAG
NC_057323.1	966828	.	.	G	A	C>T	ring43	soma	false	.	B	NCDS	GGA
NC_057323.1	1043635	.	.	G	A	C>T	ring43	germline	false	.	B	NCDS	TGT
NC_057323.1	1091726	.	.	C	T	C>T	ring43	soma	false	.	NA	CDS	GCG
NC_057323.1	1358255	.	.	T	C	T>C	ring06	germline	false	.	NA	CDS	ATC
NC_057323.1	1756507	.	.	T	C	T>C	ring43	soma	false	.	A	CDS	ttg
NC_057323.1	1821803	M2	.	C	T	C>T	ring43	soma	false	pos	B	NCDS	GCG
NC_057323.1	2526766	.	.	G	A	C>T	ring43	germline	false	.	A	NCDS	CGC
NC_057323.1	2556638	M4	.	C	T	C>T	ring43	soma	true	pos	NA	CDS	GCG
NC_057323.1	2817437	.	.	A	G	T>C	ring43	soma	false	.	NA	CDS	CAA
NC_057323.1	3367408	M5	.	G	C	C>G	ring43	soma	false	pos	A	CDS	TGT
NC_057323.1	3400236	.	.	G	A	C>T	ring43	germline	false	.	B	CDS	AGG
NC_057323.1	3510439	.	.	T	C	T>C	ring43	soma	false	.	A	NCDS	TTC
NC_057323.1	3758215	.	.	C	T	C>T	ring06	soma	false	.	NA	NCDS	TCA
NC_057323.1	3786679	M6	.	C	T	C>T	ring43	soma	false	pos	B	CDS	GCC
NC_057323.1	3879780	M7	.	C	T	C>T	ring43	soma	false	pos	A	NCDS	ACA
NC_057323.1	4024875	.	.	G	C	C>G	ring43	soma	false	.	A	CDS	CGC
NC_057323.1	4422715	M9	.	A	G	T>C	ring43	germline	false	pos	A	NCDS	GAA
NC_057323.1	4429100	.	.	G	A	C>T	ring43	soma	true	.	A	CDS	CGG
NC_057323.1	4436957	.	.	GT	G	DEL	ring43	soma	false	.	B	NCDS	TGT
NC_057323.1	4457496	.	.	C	T	C>T	ring43	germline	false	.	NA	CDS	CCC
NC_057323.1	4479408	.	.	G	A	C>T	ring06	soma	false	.	NA	CDS	TGG
NC_057323.1	4554497	.	.	CCGACGGTTGCTCGTCCGAGGTCGA	C	DEL	ring43	soma	false	.	B	CDS	GCC
NC_057323.1	4655183	.	.	G	A	C>T	ring06	soma	false	.	NA	NCDS	CGG
NC_057323.1	4878509	M10	.	C	T	C>T	ring43	soma	false	pos	A	CDS	TCC
NC_057323.1	5038697	.	.	C	T	C>T	ring43	germline	false	.	B	CDS	TCG
NC_057323.1	5076729	.	.	T	A	T>A	ring06	soma	false	.	NA	CDS	ATT
NC_057323.1	5190630	.	.	G	A	C>T	ring43	soma	false	.	NA	NCDS	CGG
NC_057323.1	5291165	.	.	G	A	C>T	ring06	germline	false	.	NA	NCDS	CGA
NC_057323.1	5569190	.	.	G	A	C>T	ring43	soma	false	.	NA	NCDS	CGT
NC_057323.1	5976938	M11	.	T	G	T>G	ring43	soma	false	.	A	CDS	TTG
NC_057324.1	1046258	.	.	T	A	T>A	ring43	soma	false	.	A	CDS	ATG
NC_057324.1	1049350	.	.	G	A	C>T	ring43	soma	false	.	A	CDS	CGT
NC_057324.1	1161551	.	.	T	C	T>C	ring43	soma	false	.	A	CDS	ATC
NC_057324.1	1358564	.	.	A	G	T>C	ring43	germline	false	.	A	CDS	TAT
NC_057324.1	1412913	.	.	G	A	C>T	ring43	soma	false	.	NA	NCDS	GGT
NC_057324.1	1581053	.	.	G	A	C>T	ring43	germline	false	.	NA	CDS	CGT
NC_057324.1	1621801	.	.	C	T	C>T	ring43	soma	false	.	B	NCDS	ACA
NC_057324.1	1670762	.	.	C	T	C>T	ring43	soma	false	.	A	CDS	GCC
NC_057324.1	1820785	.	.	G	T	C>A	ring43	soma	false	.	B	CDS	CGT
NC_057324.1	2180091	.	.	G	A	C>T	ring43	soma	false	.	B	CDS	CGT
NC_057324.1	2602111	.	.	C	T	C>T	ring43	soma	false	.	NA	CDS	GCT
NC_057324.1	3497916	.	.	A	T	T>A	ring43	soma	false	.	NA	NCDS	AAT
NC_057324.1	3581496	.	.	C	T	C>T	ring43	soma	false	.	A	NCDS	GCT
NC_057324.1	3583357	.	.	CAT	C	DEL	ring06	soma	false	.	NA	NCDS	TCA
NC_057324.1	3690176	M13	.	A	T	T>A	ring43	soma	false	.	A	CDS	GAC
NC_057324.1	3736648	.	.	C	T	C>T	ring43	soma	false	.	NA	CDS	TCC
NC_057324.1	3875781	.	.	G	A	C>T	ring43	germline	false	.	A	NCDS	CGA
NC_057324.1	4244125	.	.	G	A	C>T	ring43	germline	false	.	A	CDS	CGA
NC_057324.1	4514387	.	.	G	C	C>G	ring06	germline	false	.	NA	CDS	TGC
NC_057324.1	4635132	.	.	G	A	C>T	ring06	soma	false	.	NA	CDS	CGA
NC_057324.1	4879301	.	.	G	A	C>T	ring43	soma	false	.	B	NCDS	CGC
NC_057324.1	4977102	.	.	G	A	C>T	ring43	soma	false	.	A	NCDS	cgg
NC_057324.1	4977123	.	.	G	A	C>T	ring43	soma	false	.	A	NCDS	CGA
NC_057325.1	69006	.	.	C	T	C>T	ring43	soma	false	.	NA	NCDS	GCT
NC_057325.1	465358	.	.	G	A	C>T	ring06	soma	false	.	NA	NCDS	CGG
NC_057325.1	807175	.	.	G	A	C>T	ring43	soma	false	.	NA	CDS	CGA
NC_057325.1	1063774	.	.	C	A	C>A	ring43	germline	false	.	NA	CDS	TCG
NC_057325.1	1128551	.	.	T	C	T>C	ring43	soma	false	.	A	NCDS	GTA
NC_057325.1	1452675	.	.	G	C	C>G	ring43	germline	false	.	NA	CDS	AGC
NC_057325.1	1473278	.	.	G	A	C>T	ring43	soma	false	.	B	NCDS	AGG
NC_057325.1	1640234	.	.	G	A	C>T	ring43	germline	false	.	B	CDS	TGT
NC_057325.1	1880390	.	.	G	A	C>T	ring43	germline	false	.	NA	NCDS	CGt
NC_057325.1	2263917	M14	.	T	C	T>C	ring43	soma	false	.	NA	CDS	ttt
NC_057325.1	2311432	M15	.	C	T	C>T	ring43	soma	false	.	A	CDS	TCG
NC_057325.1	2984967	.	.	A	G	T>C	ring43	germline	false	.	A	NCDS	AAT
NC_057325.1	3056626	.	.	G	A	C>T	ring43	germline	false	.	NA	CDS	GGA
NC_057325.1	3101145	.	.	T	G	T>G	ring43	soma	false	.	NA	CDS	GTT
NC_057325.1	3143951	M16	.	C	G	C>G	ring43	soma	false	.	A	CDS	ACA
NC_057325.1	3294770	M17	.	A	ACTTAAC	INS	ring43	soma	false	.	A	NCDS	CAC
NC_057325.1	3382566	.	.	C	T	C>T	ring43	soma	false	.	A	CDS	TCG
NC_057325.1	3544476	.	.	C	T	C>T	ring06	germline	false	.	NA	NCDS	ACG
NC_057325.1	3651745	.	.	CTCTCATGGTTT	C	DEL	ring43	soma	false	.	B	NCDS	TCT
NC_057325.1	3719189	.	.	C	T	C>T	ring43	soma	false	.	A	NCDS	GCT
NC_057325.1	4182456	.	.	G	A	C>T	ring43	soma	false	.	B	CDS	CGA
NC_057325.1	4442803	.	.	C	T	C>T	ring43	soma	false	.	NA	NCDS	GCG
NC_057325.1	4466857	.	.	C	T	C>T	ring43	soma	false	.	NA	NCDS	TCG
NC_057325.1	4480450	.	.	C	T	C>T	ring43	soma	false	.	NA	CDS	GCA
NC_057325.1	4481759	.	.	C	T	C>T	ring43	soma	false	.	NA	NCDS	ACG
NC_057325.1	4703429	.	.	G	A	C>T	ring43	soma	false	.	NA	NCDS	CGA
NC_057325.1	4708643	.	.	G	A	C>T	ring43	soma	false	.	B	CDS	CGG
NC_057326.1	22236	.	.	T	C	T>C	ring43	soma	false	.	B	NCDS	TTA
NC_057326.1	182164	.	.	G	A	C>T	ring43	soma	true	.	NA	NCDS	CGT
NC_057326.1	292343	.	.	C	T	C>T	ring43	soma	false	.	A	CDS	TCG
NC_057326.1	300316	.	.	C	T	C>T	ring43	soma	false	.	NA	NCDS	ACG
NC_057326.1	360619	.	.	C	T	C>T	ring06	soma	false	.	NA	NCDS	GCT
NC_057326.1	841149	.	.	A	T	T>A	ring43	soma	false	.	B	CDS	GAG
NC_057326.1	847119	.	.	G	A	C>T	ring43	germline	false	.	NA	CDS	TGG
NC_057326.1	958796	.	.	C	T	C>T	ring43	soma	true	.	A	CDS	CCG
NC_057326.1	1318436	.	.	T	C	T>C	ring06	soma	false	.	NA	CDS	CTG
NC_057326.1	1757401	.	.	T	C	T>C	ring06	germline	false	.	NA	CDS	CTA
NC_057326.1	1935273	.	.	C	T	C>T	ring43	soma	false	.	NA	NCDS	TCG
NC_057326.1	2245855	.	.	A	G	T>C	ring06	soma	false	.	NA	CDS	GAA
NC_057326.1	2515615	.	.	T	C	T>C	ring43	germline	false	.	B	CDS	TTG
NC_057326.1	2704237	.	.	A	G	T>C	ring43	germline	false	.	A	CDS	GAG
NC_057326.1	2961774	.	.	C	T	C>T	ring43	germline	false	.	A	CDS	CCG
NC_057326.1	3010545	.	.	G	A	C>T	ring43	soma	false	.	B	NCDS	AGC
NC_057326.1	3217037	.	.	TA	T	DEL	ring43	soma	false	.	B	CDS	GTA
NC_057326.1	3375197	.	.	C	T	C>T	ring43	soma	false	.	B	NCDS	ACC
NC_057326.1	3525376	.	.	C	T	C>T	ring43	soma	false	.	A	NCDS	CCG
NC_057326.1	3618086	.	.	T	A	T>A	ring43	soma	false	.	NA	NCDS	ATT
NC_057326.1	4009323	.	.	G	A	C>T	ring43	soma	false	.	A	NCDS	CGG
NC_057326.1	4092279	.	.	C	T	C>T	ring43	soma	false	.	B	NCDS	CCG
NC_057327.1	8460	M19	.	C	T	C>T	ring43	soma	false	.	NA	NCDS	CCA
NC_057327.1	85713	.	.	A	T	T>A	ring43	soma	false	.	A	NCDS	TAC
NC_057327.1	193218	.	.	T	G	T>G	ring06	soma	false	.	NA	NCDS	CTC
NC_057327.1	429995	.	.	C	T	C>T	ring43	soma	false	.	B	NCDS	CCG
NC_057327.1	702957	.	.	G	A	C>T	ring43	soma	false	.	A	NCDS	CGG
NC_057327.1	975586	.	.	GA	G	DEL	ring43	germline	false	.	NA	NCDS	TGA
NC_057327.1	1336352	.	.	C	T	C>T	ring43	germline	false	.	NA	CDS	CCG
NC_057327.1	1841234	.	.	A	T	T>A	ring43	soma	false	.	NA	NCDS	GAT
NC_057327.1	2040463	.	.	G	A	C>T	ring43	soma	false	.	B	CDS	CGT
NC_057327.1	2061171	.	.	C	T	C>T	ring43	soma	false	.	NA	CDS	TCC
NC_057327.1	2288808	M23	.	A	C	T>G	ring43	soma	false	.	NA	CDS	CAG
NC_057327.1	3038749	.	.	G	A	C>T	ring43	soma	true	.	NA	NCDS	CGA
NC_057327.1	3136311	M24	.	G	A	C>T	ring43	soma	false	.	B	NCDS	TGA
NC_057327.1	3429788	.	.	G	A	C>T	ring43	soma	false	.	A	NCDS	TGG
NC_057327.1	3481078	.	.	A	G	T>C	ring43	germline	false	.	A	CDS	GAT
NC_057327.1	3662588	.	.	GATAATACGA	G	DEL	ring43	soma	false	.	A	NCDS	GGA
NC_057327.1	3684553	.	.	C	T	C>T	ring43	soma	false	.	B	CDS	GCT
NC_057327.1	3948638	.	.	G	A	C>T	ring43	soma	false	.	B	NCDS	CGT
NC_057328.1	376094	.	.	A	AT	INS	ring43	germline	false	.	NA	NCDS	CAT
NC_057328.1	387586	M26	.	C	A	C>A	ring43	soma	false	.	NA	NCDS	ACG
NC_057328.1	483679	.	.	G	A	C>T	ring43	soma	false	.	NA	CDS	CGG
NC_057328.1	777982	.	.	C	G	C>G	ring43	soma	false	.	NA	CDS	TCT
NC_057328.1	913907	.	.	C	G	C>G	ring43	germline	false	.	A	NCDS	TCC
NC_057328.1	1118134	.	.	T	C	T>C	ring43	germline	false	.	NA	NCDS	GTA
NC_057328.1	1461990	M27	.	ACT	A	DEL	ring43	germline	false	pos	B	NCDS	CAC
NC_057328.1	1471011	.	.	G	A	C>T	ring06	germline	false	.	NA	CDS	AGC
NC_057328.1	1599944	.	.	C	CA	INS	ring43	soma	false	.	A	NCDS	cca
NC_057328.1	1601429	.	.	T	A	T>A	ring06	soma	false	.	NA	CDS	GTC
NC_057328.1	2201832	.	.	C	T	C>T	ring06	soma	false	.	NA	CDS	ACG
NC_057328.1	2316755	M28	.	T	A	T>A	ring43	soma	false	.	B	CDS	ATT
NC_057328.1	2647886	.	.	T	A	T>A	ring43	soma	false	.	NA	CDS	CTG
NC_057328.1	2844501	.	.	A	C	T>G	ring43	soma	false	.	B	NCDS	CAA
NC_057328.1	2856501	.	.	C	T	C>T	ring43	soma	false	.	A	CDS	TCG
NC_057328.1	3077934	.	.	C	T	C>T	ring43	soma	false	.	A	CDS	TCG
NC_057328.1	3100648	.	.	T	TCACGCGTCAAGACGCGCCCC	INS	ring43	soma	false	.	A	NCDS	GTC
NC_057328.1	3217238	.	.	A	C	T>G	ring43	germline	false	.	A	CDS	AAG
NC_057328.1	3229559	.	.	A	T	T>A	ring43	soma	false	.	A	NCDS	AAT
NC_057328.1	3276197	.	.	C	T	C>T	ring43	germline	false	.	A	NCDS	CCG
NC_057328.1	3474687	.	.	G	A	C>T	ring43	soma	false	.	B	CDS	CGA
NC_057328.1	3546943	.	.	G	A	C>T	ring43	soma	false	.	B	NCDS	TGC
NC_057328.1	3676105	.	.	C	T	C>T	ring43	germline	false	.	A	NCDS	ACG
NC_057328.1	3681048	.	.	T	C	T>C	ring43	soma	false	.	A	NCDS	ATC
NC_057328.1	3769318	.	.	T	C	T>C	ring43	soma	false	.	B	NCDS	TTC
NC_057329.1	80583	M30	.	G	A	C>T	ring43	germline	false	.	NA	NCDS	CGA
NC_057329.1	89046	.	.	C	T	C>T	ring43	germline	false	.	NA	NCDS	TCT
NC_057329.1	293652	.	.	A	G	T>C	ring43	soma	false	.	A	NCDS	GAA
NC_057329.1	385299	M31	.	G	A	C>T	ring43	soma	true	.	NA	NCDS	tgc
NC_057329.1	402857	.	.	T	TCAACGTCGTCGGCAACGTC	INS	ring43	soma	false	.	NA	NCDS	GTC
NC_057329.1	615677	M32	.	C	G	C>G	ring43	soma	false	pos	B	NCDS	CCG
NC_057329.1	651164	M33	.	C	G	C>G	ring43	germline	false	.	B	CDS	GCA
NC_057329.1	746281	.	.	A	G	T>C	ring43	soma	false	.	B	CDS	gag
NC_057329.1	765494	.	.	C	T	C>T	ring43	soma	true	.	A	NCDS	ACG
NC_057329.1	772287	.	.	T	C	T>C	ring43	soma	false	.	B	NCDS	ATC
NC_057329.1	1004450	M34	.	TG	T	DEL	ring43	soma	false	.	B	CDS	ATG
NC_057329.1	1496284	.	.	G	T	C>A	ring43	soma	false	.	NA	CDS	GGA
NC_057329.1	1619349	.	.	G	A	C>T	ring43	germline	false	.	B	NCDS	TGA
NC_057329.1	1676277	.	.	T	A	T>A	ring43	soma	false	.	NA	CDS	ATT
NC_057329.1	1732807	.	.	A	G	T>C	ring43	soma	false	.	NA	NCDS	CAG
NC_057329.1	1775578	.	.	TCTC	T	DEL	ring43	soma	false	.	A	NCDS	ATC
NC_057329.1	1780075	.	.	C	T	C>T	ring43	soma	false	.	A	CDS	GCC
NC_057329.1	1820051	.	.	C	T	C>T	ring43	soma	false	.	NA	CDS	ACC
NC_057329.1	2456233	.	.	G	A	C>T	ring06	soma	false	.	NA	NCDS	AGC
NC_057329.1	2601704	.	.	C	A	C>A	ring06	soma	false	.	NA	CDS	TCC
NC_057329.1	2707048	.	.	A	G	T>C	ring43	soma	false	.	B	CDS	CAC
NC_057329.1	3480604	.	.	G	C	C>G	ring06	soma	false	.	NA	NCDS	TGT
NC_057329.1	3601195	.	.	T	C	T>C	ring43	germline	false	.	A	NCDS	GTA
NC_057329.1	3692650	.	.	C	T	C>T	ring43	soma	false	.	B	CDS	CCG
NC_057330.1	244356	.	.	C	T	C>T	ring43	soma	false	.	B	NCDS	GCG
NC_057330.1	523999	.	.	A	G	T>C	ring43	soma	false	.	A	NCDS	GAT
NC_057330.1	624528	.	.	T	G	T>G	ring43	soma	false	.	NA	CDS	CTG
NC_057330.1	1208956	.	.	AGGG	A	DEL	ring43	soma	false	.	A	CDS	GAG
NC_057330.1	1301076	.	.	C	T	C>T	ring06	soma	false	.	NA	CDS	GCC
NC_057330.1	1311587	.	.	G	A	C>T	ring43	germline	false	.	A	CDS	AGT
NC_057330.1	1675946	.	.	G	A	C>T	ring43	germline	false	.	B	CDS	CGT
NC_057330.1	1766492	.	.	T	C	T>C	ring43	soma	false	.	NA	NCDS	ATG
NC_057330.1	1787004	.	.	A	G	T>C	ring43	germline	false	.	NA	CDS	CAA
NC_057330.1	1885552	.	.	T	TCAGCAGCTGCTCGG	INS	ring43	soma	false	.	A	CDS	GTC
NC_057330.1	2080431	.	.	G	A	C>T	ring43	soma	false	.	A	NCDS	CGA
NC_057330.1	2151132	M36	.	C	T	C>T	ring43	soma	false	.	A	NCDS	ACG
NC_057330.1	2883079	.	.	G	A	C>T	ring43	soma	false	.	NA	NCDS	CGA
NC_057330.1	3033465	.	.	G	A	C>T	ring43	germline	false	.	A	CDS	AGA
NC_057330.1	3073819	.	.	C	T	C>T	ring43	soma	false	.	NA	NCDS	ACG
NC_057331.1	198638	.	.	G	A	C>T	ring43	germline	false	.	B	CDS	CGA
NC_057331.1	361755	.	.	G	A	C>T	ring43	soma	false	.	A	NCDS	CGT
NC_057331.1	799743	.	.	A	G	T>C	ring43	soma	false	.	NA	CDS	AAG
NC_057331.1	889996	.	.	T	A	T>A	ring43	soma	false	.	A	NCDS	CTT
NC_057331.1	1005307	.	.	C	T	C>T	ring43	germline	false	.	NA	NCDS	CCG
NC_057331.1	1107719	.	.	TCTTCCAAATA	T	DEL	ring43	soma	false	.	A	CDS	CTC
NC_057331.1	1320135	.	.	C	T	C>T	ring43	soma	false	.	A	NCDS	GCT
NC_057331.1	1348719	.	.	CCA	C	DEL	ring43	soma	false	.	B	NCDS	ACC
NC_057331.1	1534005	.	.	G	A	C>T	ring43	soma	false	.	A	NCDS	CGA
NC_057331.1	2064856	.	.	G	A	C>T	ring43	soma	false	.	A	NCDS	AGT
NC_057331.1	2157093	.	.	G	A	C>T	ring43	soma	false	.	B	NCDS	CGT
NC_057331.1	2157100	.	.	G	A	C>T	ring43	soma	false	.	A	NCDS	CGG
NC_057331.1	2181732	.	.	C	T	C>T	ring43	germline	false	.	B	CDS	GCA
NC_057331.1	2227247	.	.	G	C	C>G	ring43	soma	false	.	NA	NCDS	TGC
NC_057331.1	2273309	.	.	TGAG	T	DEL	ring06	soma	false	.	NA	NCDS	ATG
NC_057331.1	2293689	.	.	C	T	C>T	ring43	soma	false	.	NA	NCDS	CCT
NC_057331.1	2458085	.	.	C	T	C>T	ring43	soma	false	.	A	CDS	CCG
NC_057331.1	2856095	.	.	G	A	C>T	ring43	soma	false	.	A	NCDS	CGT
NC_057332.1	309212	.	.	C	T	C>T	ring43	soma	false	.	B	NCDS	TCG
NC_057332.1	512322	.	.	T	C	T>C	ring43	soma	false	.	A	NCDS	TTC
NC_057332.1	757467	.	.	T	C	T>C	ring43	germline	false	.	NA	CDS	TTG
NC_057332.1	1629642	.	.	A	G	T>C	ring43	soma	false	.	A	NCDS	AAA
NC_057332.1	1753385	.	.	G	C	C>G	ring06	soma	false	.	NA	NCDS	GGT
NC_057332.1	2235166	M37	.	C	T	C>T	ring43	germline	false	.	A	NCDS	GCG
NC_057332.1	2240436	.	.	C	T	C>T	ring43	germline	false	.	B	CDS	TCA
NC_057332.1	2264672	.	.	G	A	C>T	ring43	soma	false	.	B	NCDS	CGG
NC_057332.1	2317808	.	.	G	A	C>T	ring43	soma	false	.	A	NCDS	TGT
NC_057332.1	2625947	.	.	T	G	T>G	ring43	soma	false	.	NA	NCDS	GTT
NC_057333.1	24054	.	.	G	A	C>T	ring43	soma	false	.	NA	NCDS	CGC
NC_057333.1	256061	.	.	C	T	C>T	ring43	soma	false	.	A	NCDS	ACG
NC_057333.1	388254	.	.	C	T	C>T	ring06	soma	false	.	NA	CDS	TCA
NC_057333.1	435868	.	.	C	T	C>T	ring43	germline	false	.	B	CDS	ACT
NC_057333.1	674074	.	.	T	C	T>C	ring43	soma	false	.	B	CDS	ATA
NC_057333.1	750170	.	.	G	A	C>T	ring43	soma	false	.	NA	NCDS	AGC
NC_057333.1	888631	.	.	G	T	C>A	ring06	soma	false	.	NA	CDS	GGG
NC_057333.1	1766500	.	.	G	A	C>T	ring06	germline	false	.	NA	NCDS	CGT
NC_057333.1	2351261	.	.	C	T	C>T	ring43	soma	false	.	A	CDS	GCG
NC_057333.1	2440753	.	.	G	A	C>T	ring43	soma	false	.	A	NCDS	TGT
NC_057333.1	2482034	.	.	G	A	C>T	ring43	soma	false	.	B	NCDS	CGG
NC_057333.1	2514549	.	.	A	G	T>C	ring43	germline	false	.	NA	NCDS	AAT
NC_057333.1	2575406	.	.	G	A	C>T	ring43	soma	false	.	NA	NCDS	AGA
NC_057333.1	2590047	.	.	A	T	T>A	ring43	soma	false	.	A	CDS	GAA
